{
    "mcd": {
        "mean": 921.4089499983004,
        "std": 237.5829581239396,
        "samples": [
            819.9499831293222,
            771.2496382110761,
            817.9598201836865,
            835.3889213480683,
            895.3056687653958,
            847.2671431511609,
            727.7465661850889,
            727.0476367568916,
            1376.027500480497,
            1396.1466217718164
        ]
    },
    "f0_correlation": {
        "mean": NaN,
        "std": NaN,
        "samples": [
            -0.2092077692161748,
            0.0,
            NaN,
            -0.1892313745610094,
            0.49500127042205866,
            0.0,
            0.0,
            0.0,
            0.0,
            0.0
        ]
    },
    "formant_rmse": {
        "average": 881.7128677368164,
        "samples": [
            1500.9560546875,
            991.27880859375,
            1260.248291015625,
            226.86692810058594,
            303.569580078125,
            318.2556457519531,
            727.7516479492188,
            495.99102783203125,
            999.72265625,
            1992.488037109375
        ]
    },
    "pitch_shift_ratio": 1.6253909031566622,
    "conversion_summary": {
        "source_speaker": "p226",
        "target_speaker": "p225",
        "num_test_samples": 10,
        "mapping_model_type": "GMM"
    }
}