{
    "mcd": {
        "mean": 921.552108929156,
        "std": 236.92863498049314,
        "samples": [
            821.0699136627946,
            769.9961774986127,
            818.4709458762707,
            835.0557254473405,
            895.0944061298509,
            846.784048855953,
            727.6788402084493,
            731.0867424341507,
            1375.320155006279,
            1394.9641341718589
        ]
    },
    "f0_correlation": {
        "mean": 0.0007134935603951842,
        "std": 0.26986937885049367,
        "samples": [
            0.0,
            0.0,
            0.4638335809840525,
            0.2237963894137034,
            0.0,
            -0.680495034793804,
            0.0,
            0.0,
            0.0,
            0.0
        ]
    },
    "formant_rmse": {
        "average": 887.4374114990235,
        "samples": [
            1545.9429931640625,
            1632.328125,
            1258.1588134765625,
            210.9256134033203,
            318.8809509277344,
            103.61174011230469,
            713.716796875,
            515.6853637695312,
            1626.422119140625,
            948.7015991210938
        ]
    },
    "pitch_shift_ratio": 1.6253909031566622,
    "conversion_summary": {
        "source_speaker": "p226",
        "target_speaker": "p225",
        "num_test_samples": 10,
        "mapping_model_type": "GMM"
    }
}